-- Crestline Insurance — synthetic demo data for the 10 core tables.
-- Apply this AFTER running the demo_schema migration. INSERTs are in
-- foreign-key dependency order; UUIDs are preserved across partner
-- deployments so demo personas stay consistent in screenshots, videos,
-- and Talkdesk Studio flows.

-- ==========================================================================
-- 1. customers (10 rows)
-- ==========================================================================
insert into public.customers (cid, phone, email, first_name, last_name, mailing_address, demo_otp, source, created_at, updated_at) values
  ('a1000000-0000-0000-0000-000000000001','+12145587100','ashwin.rana@talkdesk.com','Jennifer','Martinez','{"zip":"75024","city":"Murphy","state":"TX","street":"518 Raven Dr."}'::jsonb,'123456','synthetic','2026-04-08 15:42:39.236764+00','2026-04-27 01:43:27.852564+00'),
  ('a1000000-0000-0000-0000-000000000002','+15551234567','marcus.thompson@email.com','Marcus','Thompson','{"zip":"75034","city":"Frisco","state":"TX","street":"1200 Oak Hill Drive"}'::jsonb,'123456','synthetic','2026-04-08 15:42:39.236764+00','2026-04-08 15:42:39.236764+00'),
  ('a1000000-0000-0000-0000-000000000003','+15559876543','sarah.chen@email.com','Sarah','Chen','{"zip":"75070","city":"McKinney","state":"TX","street":"88 Lakewood Boulevard"}'::jsonb,'123456','synthetic','2026-04-08 15:42:39.236764+00','2026-04-08 15:42:39.236764+00'),
  ('a1000000-0000-0000-0000-000000000004','+15554567890','david.wilson@email.com','David','Wilson','{"zip":"75013","city":"Allen","state":"TX","street":"320 Sunset Lane"}'::jsonb,'123456','synthetic','2026-04-08 15:42:39.236764+00','2026-04-08 15:42:39.236764+00'),
  ('a1000000-0000-0000-0000-000000000005','+15557890123','maria.rodriguez@email.com','Maria','Rodriguez','{"zip":"75080","city":"Richardson","state":"TX","street":"1515 Magnolia Court"}'::jsonb,'123456','synthetic','2026-04-08 15:42:39.236764+00','2026-04-08 15:42:39.236764+00'),
  ('a1000000-0000-0000-0000-000000000006','+15553216540','james.park@email.com','James','Park','{"zip":"75201","city":"Dallas","state":"TX","street":"450 Cedar Ridge Way"}'::jsonb,'123456','synthetic','2026-04-08 15:42:39.236764+00','2026-04-08 15:42:39.236764+00'),
  ('c1000000-0000-0000-0000-000000000001','+16463980879','suresh.bhandarkar@talkdesk.com','Suresh','Bhandarkar','{"zip":"10001","city":"New York City","state":"NY","street":"123 Main St"}'::jsonb,'123456','web','2026-04-20 02:55:34.235565+00','2026-04-23 16:08:37.471912+00'),
  ('d1000000-0000-0000-0000-000000000001','+12146685171','Ashish.Bhatia@talkdesk.com','Ashish','Bhatia','{"zip":"75094","city":"Murphy","state":"TX","street":"518 Raven Dr"}'::jsonb,'123456','web','2026-04-20 15:55:23.720925+00','2026-04-22 14:06:10.429935+00'),
  ('e1000000-0000-0000-0000-000000000001','+34607679186','narcis.gimenez@talkdesk.com','Narcís','Giménez','{"zip":"78704","city":"Austin","state":"TX","street":"1100 S Congress Ave"}'::jsonb,'123456','web','2026-04-20 15:55:23.720925+00','2026-04-20 15:55:23.720925+00'),
  ('f1000000-0000-0000-0000-000000000001','+447468416144','richard.nelson@talkdesk.com','Richard','Nelson','{"zip":"75202","city":"Dallas","state":"TX","street":"1401 Elm St"}'::jsonb,'123456','web','2026-04-20 15:55:23.720925+00','2026-04-20 15:55:23.720925+00');

-- ==========================================================================
-- 2. policies (17 rows)
-- ==========================================================================
insert into public.policies (id, customer_id, policy_number, type, status, effective_date, expiration_date, premium_amount, dwelling_address, created_at, updated_at) values
  ('b1000000-0000-0000-0000-000000000001','a1000000-0000-0000-0000-000000000001','POL-AUTO-1001','auto','active','2025-10-15','2026-10-15',1850.00,null,'2026-04-08 15:43:05.610701+00','2026-04-08 15:43:05.610701+00'),
  ('b1000000-0000-0000-0000-000000000002','a1000000-0000-0000-0000-000000000001','POL-HOME-1001','home','active','2025-08-01','2026-08-01',2400.00,'{"zip":"75024","city":"Plano","state":"TX","street":"742 Evergreen Terrace"}'::jsonb,'2026-04-08 15:43:05.610701+00','2026-04-08 15:43:05.610701+00'),
  ('b1000000-0000-0000-0000-000000000003','a1000000-0000-0000-0000-000000000002','POL-AUTO-2001','auto','active','2025-12-01','2026-12-01',2650.00,null,'2026-04-08 15:43:05.610701+00','2026-04-08 15:43:05.610701+00'),
  ('b1000000-0000-0000-0000-000000000004','a1000000-0000-0000-0000-000000000003','POL-AUTO-3001','auto','active','2026-01-15','2027-01-15',1600.00,null,'2026-04-08 15:43:05.610701+00','2026-04-08 15:43:05.610701+00'),
  ('b1000000-0000-0000-0000-000000000005','a1000000-0000-0000-0000-000000000003','POL-HOME-3001','home','active','2025-11-01','2026-11-01',3200.00,'{"zip":"75070","city":"McKinney","state":"TX","street":"88 Lakewood Boulevard"}'::jsonb,'2026-04-08 15:43:05.610701+00','2026-04-08 15:43:05.610701+00'),
  ('b1000000-0000-0000-0000-000000000006','a1000000-0000-0000-0000-000000000003','POL-UMBR-3001','umbrella','active','2025-11-01','2026-11-01',450.00,null,'2026-04-08 15:43:05.610701+00','2026-04-08 15:43:05.610701+00'),
  ('b1000000-0000-0000-0000-000000000007','a1000000-0000-0000-0000-000000000004','POL-UMBR-4001','umbrella','active','2026-02-01','2027-02-01',500.00,null,'2026-04-08 15:43:05.610701+00','2026-04-08 15:43:05.610701+00'),
  ('b1000000-0000-0000-0000-000000000008','a1000000-0000-0000-0000-000000000005','POL-HOME-5001','home','active','2025-09-01','2026-09-01',2800.00,'{"zip":"75080","city":"Richardson","state":"TX","street":"1515 Magnolia Court"}'::jsonb,'2026-04-08 15:43:05.610701+00','2026-04-08 15:43:05.610701+00'),
  ('c2000000-0000-0000-0000-000000000001','c1000000-0000-0000-0000-000000000001','AUTO-2026-0001','auto','active','2026-01-01','2027-01-01',1850.00,null,'2026-04-20 02:55:34.235565+00','2026-04-20 02:55:34.235565+00'),
  ('c2000000-0000-0000-0000-000000000002','c1000000-0000-0000-0000-000000000001','HOME-2026-0001','home','active','2026-01-01','2027-01-01',2400.00,'{"zip":"75024","city":"Plano","state":"TX","street":"7400 Legacy Dr"}'::jsonb,'2026-04-20 02:55:34.235565+00','2026-04-20 02:55:34.235565+00'),
  ('c2000000-0000-0000-0000-000000000003','c1000000-0000-0000-0000-000000000001','UMB-2026-0001','umbrella','active','2026-01-01','2027-01-01',450.00,null,'2026-04-20 02:55:34.235565+00','2026-04-20 02:55:34.235565+00'),
  ('d2000000-0000-0000-0000-000000000001','d1000000-0000-0000-0000-000000000001','AUTO-2026-0002','auto','active','2026-01-01','2027-01-01',1720.00,null,'2026-04-20 15:55:23.720925+00','2026-04-20 15:55:23.720925+00'),
  ('d2000000-0000-0000-0000-000000000002','d1000000-0000-0000-0000-000000000001','UMB-2026-0002','umbrella','active','2026-01-01','2027-01-01',400.00,null,'2026-04-20 15:55:23.720925+00','2026-04-20 15:55:23.720925+00'),
  ('d2000000-0000-0000-0000-000000000003','d1000000-0000-0000-0000-000000000001','HOME-2026-0002','home','active','2026-01-01','2027-01-01',2200.00,'{"zip":"75024","city":"Plano","state":"TX","street":"5900 Legacy Dr"}'::jsonb,'2026-04-20 15:55:23.720925+00','2026-04-20 15:55:23.720925+00'),
  ('e2000000-0000-0000-0000-000000000001','e1000000-0000-0000-0000-000000000001','AUTO-2026-0003','auto','active','2026-01-01','2027-01-01',2100.00,null,'2026-04-20 15:55:23.720925+00','2026-04-20 15:55:23.720925+00'),
  ('e2000000-0000-0000-0000-000000000002','e1000000-0000-0000-0000-000000000001','HOME-2026-0003','home','active','2026-01-01','2027-01-01',1950.00,'{"zip":"78704","city":"Austin","state":"TX","street":"1100 S Congress Ave"}'::jsonb,'2026-04-20 15:55:23.720925+00','2026-04-20 15:55:23.720925+00'),
  ('f2000000-0000-0000-0000-000000000001','f1000000-0000-0000-0000-000000000001','AUTO-2026-0004','auto','active','2026-01-01','2027-01-01',3450.00,null,'2026-04-20 15:55:23.720925+00','2026-04-20 15:55:23.720925+00');

-- ==========================================================================
-- 3. vehicles (15 rows)
-- ==========================================================================
insert into public.vehicles (id, policy_id, vin, year, make, model, trim, usage, annual_mileage, ownership, lienholder_name, lienholder_address, garaging_address, status, created_at, updated_at) values
  ('c1000000-0000-0000-0000-000000000001','b1000000-0000-0000-0000-000000000001','1HGCV1F34PA000001',2022,'Honda','Civic','EX','commute',12000,'owned',null,null,'{"zip":"75024","city":"Plano","state":"TX","street":"742 Evergreen Terrace"}'::jsonb,'active','2026-04-08 15:43:05.610701+00','2026-04-08 15:43:05.610701+00'),
  ('c1000000-0000-0000-0000-000000000002','b1000000-0000-0000-0000-000000000003','5TDZA23C46S000002',2023,'Toyota','Highlander','XLE','commute',15000,'financed',null,null,'{"zip":"75034","city":"Frisco","state":"TX","street":"1200 Oak Hill Drive"}'::jsonb,'active','2026-04-08 15:43:05.610701+00','2026-04-08 15:43:05.610701+00'),
  ('c1000000-0000-0000-0000-000000000003','b1000000-0000-0000-0000-000000000003','1G1YY22G465000003',2020,'Chevrolet','Corvette','Stingray','pleasure',5000,'owned',null,null,'{"zip":"75034","city":"Frisco","state":"TX","street":"1200 Oak Hill Drive"}'::jsonb,'active','2026-04-08 15:43:05.610701+00','2026-04-08 15:43:05.610701+00'),
  ('c1000000-0000-0000-0000-000000000004','b1000000-0000-0000-0000-000000000004','WBAJB0C51JB000004',2024,'BMW','X3','xDrive30i','commute',10000,'leased',null,null,'{"zip":"75070","city":"McKinney","state":"TX","street":"88 Lakewood Boulevard"}'::jsonb,'active','2026-04-08 15:43:05.610701+00','2026-04-08 15:43:05.610701+00'),
  ('f4733793-94b1-4a66-be2a-3cfd7a342114','b1000000-0000-0000-0000-000000000001',null,2006,'Honda','Accord',null,'commute',null,'owned',null,null,'{"zip":"75024","city":"Plano","state":"TX","street":"6600 Crown Forest Drive"}'::jsonb,'inactive','2026-04-19 13:39:09.900964+00','2026-04-19 15:26:32.800209+00'),
  ('8990b38a-661c-4d02-a3d4-f31643d70201','b1000000-0000-0000-0000-000000000001',null,2013,'Honda','Odyssey',null,'commute',null,'owned',null,null,'{"zip":"75024","city":"Plano","state":"TX","street":"6600 Crown Forest Dr"}'::jsonb,'active','2026-04-19 14:50:29.415107+00','2026-04-19 14:50:29.415107+00'),
  ('c3000000-0000-0000-0000-000000000001','c2000000-0000-0000-0000-000000000001','5YJ3E1EA4PF123456',2023,'Tesla','Model 3',null,'commute',null,'owned',null,null,'{"zip":"75024","city":"Plano","state":"TX","street":"7400 Legacy Dr"}'::jsonb,'active','2026-04-20 02:55:34.235565+00','2026-04-20 02:55:34.235565+00'),
  ('d3000000-0000-0000-0000-000000000001','d2000000-0000-0000-0000-000000000001','1HGBH41JXMN109186',2022,'Honda','Accord',null,'commute',null,'owned',null,null,'{"zip":"75024","city":"Plano","state":"TX","street":"5900 Legacy Dr"}'::jsonb,'active','2026-04-20 15:55:23.720925+00','2026-04-20 15:55:23.720925+00'),
  ('e3000000-0000-0000-0000-000000000001','e2000000-0000-0000-0000-000000000001','WDBNG70J42A123456',2020,'Mercedes-Benz','E-Class',null,'commute',null,'owned',null,null,'{"zip":"78704","city":"Austin","state":"TX","street":"1100 S Congress Ave"}'::jsonb,'active','2026-04-20 15:55:23.720925+00','2026-04-20 15:55:23.720925+00'),
  ('e3000000-0000-0000-0000-000000000002','e2000000-0000-0000-0000-000000000001','JTDKN3DU9A1234567',2019,'Toyota','Prius',null,'commute',null,'owned',null,null,'{"zip":"78704","city":"Austin","state":"TX","street":"1100 S Congress Ave"}'::jsonb,'active','2026-04-20 15:55:23.720925+00','2026-04-20 15:55:23.720925+00'),
  ('f3000000-0000-0000-0000-000000000001','f2000000-0000-0000-0000-000000000001','1HGCV1F30LA123456',2020,'Honda','Accord',null,'commute',null,'owned',null,null,'{"zip":"75202","city":"Dallas","state":"TX","street":"1401 Elm St"}'::jsonb,'active','2026-04-20 15:55:23.720925+00','2026-04-20 15:55:23.720925+00'),
  ('f3000000-0000-0000-0000-000000000002','f2000000-0000-0000-0000-000000000001','2HGFC2F59KH123456',2019,'Honda','Civic',null,'commute',null,'owned',null,null,'{"zip":"75202","city":"Dallas","state":"TX","street":"1401 Elm St"}'::jsonb,'active','2026-04-20 15:55:23.720925+00','2026-04-20 15:55:23.720925+00'),
  ('f3000000-0000-0000-0000-000000000003','f2000000-0000-0000-0000-000000000001','1FTFW1E53LFA12345',2021,'Ford','F-150',null,'commute',null,'owned',null,null,'{"zip":"75202","city":"Dallas","state":"TX","street":"1401 Elm St"}'::jsonb,'active','2026-04-20 15:55:23.720925+00','2026-04-20 15:55:23.720925+00'),
  ('d4ce3bd7-3997-420b-9699-69fe3f532efc','b1000000-0000-0000-0000-000000000001',null,2006,'Honda','Accord',null,'commute',null,'owned',null,null,'{"zip":"75024","city":"Plano","state":"TX","street":"6600 Crown Forest Dr"}'::jsonb,'active','2026-04-22 19:18:43.603835+00','2026-04-22 19:18:43.603835+00'),
  ('d02a8190-72da-48ca-a893-5368b39273d8','b1000000-0000-0000-0000-000000000001',null,2026,'Tesla','Model X',null,'commute',null,'owned',null,null,'{"zip":"75024","city":"Plano","state":"TX","street":"6600 Crown Forest Dr"}'::jsonb,'active','2026-04-22 19:38:31.569253+00','2026-04-22 19:38:31.569253+00');

-- ==========================================================================
-- 4. drivers (11 rows)
-- ==========================================================================
insert into public.drivers (id, policy_id, first_name, last_name, date_of_birth, license_number, license_state, relationship, is_primary_named_insured, primary_vehicle_id, status, created_at, updated_at) values
  ('d1000000-0000-0000-0000-000000000001','b1000000-0000-0000-0000-000000000001','Jennifer','Martinez','1985-06-14','TX12345678','TX','self',true,'c1000000-0000-0000-0000-000000000001','active','2026-04-08 15:43:05.610701+00','2026-04-08 15:43:05.610701+00'),
  ('d1000000-0000-0000-0000-000000000002','b1000000-0000-0000-0000-000000000003','Marcus','Thompson','1978-03-22','TX87654321','TX','self',true,'c1000000-0000-0000-0000-000000000002','active','2026-04-08 15:43:05.610701+00','2026-04-08 15:43:05.610701+00'),
  ('d1000000-0000-0000-0000-000000000003','b1000000-0000-0000-0000-000000000003','Ethan','Thompson','2008-09-10','TX11223344','TX','child',false,'c1000000-0000-0000-0000-000000000003','active','2026-04-08 15:43:05.610701+00','2026-04-08 15:43:05.610701+00'),
  ('d1000000-0000-0000-0000-000000000004','b1000000-0000-0000-0000-000000000004','Sarah','Chen','1990-11-03','TX55667788','TX','self',true,'c1000000-0000-0000-0000-000000000004','active','2026-04-08 15:43:05.610701+00','2026-04-08 15:43:05.610701+00'),
  ('c4000000-0000-0000-0000-000000000001','c2000000-0000-0000-0000-000000000001','Suresh','Bhandarkar','1975-06-15','12345678','TX','self',true,null,'active','2026-04-20 02:55:34.235565+00','2026-04-20 02:55:34.235565+00'),
  ('d4000000-0000-0000-0000-000000000001','d2000000-0000-0000-0000-000000000001','Ashish','Bhatia','1980-03-22','23456789','TX','self',true,null,'active','2026-04-20 15:55:23.720925+00','2026-04-20 15:55:23.720925+00'),
  ('e4000000-0000-0000-0000-000000000001','e2000000-0000-0000-0000-000000000001','Narcís','Giménez','1978-11-08','34567890','TX','self',true,null,'active','2026-04-20 15:55:23.720925+00','2026-04-20 15:55:23.720925+00'),
  ('f4000000-0000-0000-0000-000000000001','f2000000-0000-0000-0000-000000000001','Richard','Nelson','1972-09-03','45678901','TX','self',true,null,'active','2026-04-20 15:55:23.720925+00','2026-04-20 15:55:23.720925+00'),
  ('f4000000-0000-0000-0000-000000000002','f2000000-0000-0000-0000-000000000001','Emma','Nelson','1975-04-17','45678902','TX','spouse',false,null,'active','2026-04-20 15:55:23.720925+00','2026-04-20 15:55:23.720925+00'),
  ('37f1f2e4-b6af-4653-ba11-d7521f733513','b1000000-0000-0000-0000-000000000001','Justin','Martinez','2000-01-01',null,null,'child',false,null,'inactive','2026-04-22 18:58:34.907561+00','2026-04-22 19:00:16.821666+00'),
  ('e4bc0259-6f93-400f-9256-163e9f3f95fc','c2000000-0000-0000-0000-000000000001','John','Doe','1990-05-15','12345678','PA','other',false,null,'active','2026-04-23 13:48:51.562029+00','2026-04-23 13:48:51.562029+00');

-- ==========================================================================
-- 5. billing_accounts (9 rows)
-- ==========================================================================
insert into public.billing_accounts (id, customer_id, balance, due_date, status, payment_frequency, autopay_enabled, paperless_enabled, billing_email, created_at, updated_at) values
  ('f1000000-0000-0000-0000-000000000001','a1000000-0000-0000-0000-000000000001',354.17,'2026-04-15','current','monthly',true,true,'jennifer.martinez@email.com','2026-04-08 15:43:49.760431+00','2026-04-08 15:43:49.760431+00'),
  ('f1000000-0000-0000-0000-000000000002','a1000000-0000-0000-0000-000000000002',662.50,'2026-05-01','current','quarterly',false,false,'marcus.thompson@email.com','2026-04-08 15:43:49.760431+00','2026-04-08 15:43:49.760431+00'),
  ('f1000000-0000-0000-0000-000000000003','a1000000-0000-0000-0000-000000000003',437.50,'2026-04-11','payment_pending','monthly',true,true,'sarah.chen@email.com','2026-04-08 15:43:49.760431+00','2026-04-08 15:43:49.760431+00'),
  ('f1000000-0000-0000-0000-000000000004','a1000000-0000-0000-0000-000000000004',500.00,'2026-03-15','past_due','annual',false,false,'david.wilson@email.com','2026-04-08 15:43:49.760431+00','2026-04-08 15:43:49.760431+00'),
  ('f1000000-0000-0000-0000-000000000005','a1000000-0000-0000-0000-000000000005',466.67,'2026-03-25','past_due','semi_annual',false,true,'maria.rodriguez@email.com','2026-04-08 15:43:49.760431+00','2026-04-08 15:43:49.760431+00'),
  ('c5000000-0000-0000-0000-000000000001','c1000000-0000-0000-0000-000000000001',391.67,'2026-05-01','current','monthly',true,true,'sbb12@hotmail.com','2026-04-20 03:00:12.14453+00','2026-04-20 03:00:12.14453+00'),
  ('d5000000-0000-0000-0000-000000000001','d1000000-0000-0000-0000-000000000001',360.00,'2026-05-01','current','monthly',true,true,'Ashish.Bhatia@talkdesk.com','2026-04-20 15:55:23.720925+00','2026-04-20 15:55:23.720925+00'),
  ('e5000000-0000-0000-0000-000000000001','e1000000-0000-0000-0000-000000000001',1012.50,'2026-06-01','current','quarterly',true,true,'narcis.gimenez@talkdesk.com','2026-04-20 15:55:23.720925+00','2026-04-20 15:55:23.720925+00'),
  ('f5000000-0000-0000-0000-000000000001','f1000000-0000-0000-0000-000000000001',575.00,'2026-04-01','past_due','monthly',false,false,'richard.nelson@talkdesk.com','2026-04-20 15:55:23.720925+00','2026-04-20 15:55:23.720925+00');

-- ==========================================================================
-- 6. payment_methods (10 rows)
-- ==========================================================================
insert into public.payment_methods (id, customer_id, type, last_four, brand, is_default, created_at) values
  ('aa100000-0000-0000-0000-000000000001','a1000000-0000-0000-0000-000000000001','credit_card','4532','Visa',true,'2026-04-08 15:44:08.304291+00'),
  ('aa100000-0000-0000-0000-000000000002','a1000000-0000-0000-0000-000000000001','bank_account','7890',null,false,'2026-04-08 15:44:08.304291+00'),
  ('aa100000-0000-0000-0000-000000000003','a1000000-0000-0000-0000-000000000002','debit_card','1122','Mastercard',true,'2026-04-08 15:44:08.304291+00'),
  ('aa100000-0000-0000-0000-000000000004','a1000000-0000-0000-0000-000000000003','credit_card','9988','Amex',true,'2026-04-08 15:44:08.304291+00'),
  ('aa100000-0000-0000-0000-000000000005','a1000000-0000-0000-0000-000000000003','bank_account','3344',null,false,'2026-04-08 15:44:08.304291+00'),
  ('aa100000-0000-0000-0000-000000000006','a1000000-0000-0000-0000-000000000005','credit_card','5566','Visa',true,'2026-04-08 15:44:08.304291+00'),
  ('c6000000-0000-0000-0000-000000000001','c1000000-0000-0000-0000-000000000001','credit_card','4242','Visa',true,'2026-04-20 03:00:12.14453+00'),
  ('d6000000-0000-0000-0000-000000000001','d1000000-0000-0000-0000-000000000001','credit_card','5555','Mastercard',true,'2026-04-20 15:55:23.720925+00'),
  ('e6000000-0000-0000-0000-000000000001','e1000000-0000-0000-0000-000000000001','bank_account','8821','Checking',true,'2026-04-20 15:55:23.720925+00'),
  ('f6000000-0000-0000-0000-000000000001','f1000000-0000-0000-0000-000000000001','debit_card','9003','Visa',true,'2026-04-20 15:55:23.720925+00');

-- ==========================================================================
-- 7. payments (14 rows)
-- ==========================================================================
insert into public.payments (id, billing_account_id, payment_method_id, amount, status, confirmation_number, created_at) values
  ('9ee0dfe4-e854-4171-8525-b5f193845b95','f1000000-0000-0000-0000-000000000002','aa100000-0000-0000-0000-000000000003',662.50,'completed','PAY-20260201-002','2026-02-01 00:00:00+00'),
  ('c7000000-0000-0000-0000-000000000001','c5000000-0000-0000-0000-000000000001','c6000000-0000-0000-0000-000000000001',391.67,'completed','PAY-2026-020001','2026-02-01 15:15:00+00'),
  ('d7000000-0000-0000-0000-000000000001','d5000000-0000-0000-0000-000000000001','d6000000-0000-0000-0000-000000000001',360.00,'completed','PAY-2026-020002','2026-02-01 15:15:00+00'),
  ('f7000000-0000-0000-0000-000000000001','f5000000-0000-0000-0000-000000000001','f6000000-0000-0000-0000-000000000001',287.50,'completed','PAY-2026-020004','2026-02-01 15:15:00+00'),
  ('56f8f87c-cd0f-4add-b194-57186ff88f4e','f1000000-0000-0000-0000-000000000001','aa100000-0000-0000-0000-000000000001',354.17,'completed','PAY-20260215-001','2026-02-15 00:00:00+00'),
  ('c7000000-0000-0000-0000-000000000002','c5000000-0000-0000-0000-000000000001','c6000000-0000-0000-0000-000000000001',391.67,'completed','PAY-2026-030001','2026-03-01 15:15:00+00'),
  ('d7000000-0000-0000-0000-000000000002','d5000000-0000-0000-0000-000000000001','d6000000-0000-0000-0000-000000000001',360.00,'completed','PAY-2026-030002','2026-03-01 15:15:00+00'),
  ('e7000000-0000-0000-0000-000000000001','e5000000-0000-0000-0000-000000000001','e6000000-0000-0000-0000-000000000001',1012.50,'completed','PAY-2026-030003','2026-03-01 15:15:00+00'),
  ('f7000000-0000-0000-0000-000000000002','f5000000-0000-0000-0000-000000000001','f6000000-0000-0000-0000-000000000001',287.50,'failed','PAY-2026-030004','2026-03-01 15:15:00+00'),
  ('80df6d0a-aa01-444d-aba9-7a849b8f5df5','f1000000-0000-0000-0000-000000000001','aa100000-0000-0000-0000-000000000001',354.17,'completed','PAY-20260315-001','2026-03-15 00:00:00+00'),
  ('31d47760-9be8-4c05-a439-68bb373b07d4','f1000000-0000-0000-0000-000000000005','aa100000-0000-0000-0000-000000000006',466.67,'failed','PAY-20260325-005','2026-03-25 00:00:00+00'),
  ('c7000000-0000-0000-0000-000000000003','c5000000-0000-0000-0000-000000000001','c6000000-0000-0000-0000-000000000001',391.67,'completed','PAY-2026-040001','2026-04-01 14:15:00+00'),
  ('d7000000-0000-0000-0000-000000000003','d5000000-0000-0000-0000-000000000001','d6000000-0000-0000-0000-000000000001',360.00,'completed','PAY-2026-040002','2026-04-01 14:15:00+00'),
  ('eb94a139-691f-442b-a1f4-c93216430ce0','f1000000-0000-0000-0000-000000000003','aa100000-0000-0000-0000-000000000004',437.50,'pending','PAY-20260408-003','2026-04-08 00:00:00+00');

-- ==========================================================================
-- 8. claims (8 rows)
-- ==========================================================================
-- NOTE: claims.loss_date has a CHECK constraint requiring dates within the
-- last 5 years. If you apply this seed years from now, some loss_date values
-- may need updating, or the constraint relaxed.
insert into public.claims (id, customer_id, policy_id, claim_number, loss_type, loss_date, loss_description, loss_location, status, adjuster_name, adjuster_phone, adjuster_email, police_report_number, vehicle_id, created_at, updated_at) values
  ('e1000000-0000-0000-0000-000000000001','a1000000-0000-0000-0000-000000000001','b1000000-0000-0000-0000-000000000001','CLM-11001','collision','2026-03-20','Rear-ended at red light on Main Street and Oak Avenue','Main St & Oak Ave, Plano TX','under_investigation','Tom Bradley','5552001001','tom.bradley@carrier.com','PL-2026-3301','c1000000-0000-0000-0000-000000000001','2026-04-08 15:43:49.760431+00','2026-04-08 15:43:49.760431+00'),
  ('e1000000-0000-0000-0000-000000000002','a1000000-0000-0000-0000-000000000003','b1000000-0000-0000-0000-000000000004','CLM-33001','comprehensive','2026-04-01','Hail damage to hood and roof of vehicle during storm','Home driveway, McKinney TX','estimate_pending','Lisa Nguyen','5552001002','lisa.nguyen@carrier.com',null,'c1000000-0000-0000-0000-000000000004','2026-04-08 15:43:49.760431+00','2026-04-08 15:43:49.760431+00'),
  ('e1000000-0000-0000-0000-000000000003','a1000000-0000-0000-0000-000000000003','b1000000-0000-0000-0000-000000000005','CLM-33002','water_damage','2026-03-28','Pipe burst in upstairs bathroom causing ceiling and floor damage','88 Lakewood Blvd, McKinney TX','assigned','Robert Kim','5552001003','robert.kim@carrier.com',null,null,'2026-04-08 15:43:49.760431+00','2026-04-08 15:43:49.760431+00'),
  ('e1000000-0000-0000-0000-000000000004','a1000000-0000-0000-0000-000000000002','b1000000-0000-0000-0000-000000000003','CLM-22001','collision','2025-08-15','Minor fender bender in parking lot','Stonebriar Mall parking lot, Frisco TX','closed','Amy Foster','5552001004','amy.foster@carrier.com',null,'c1000000-0000-0000-0000-000000000002','2026-04-08 15:43:49.760431+00','2026-04-08 15:43:49.760431+00'),
  ('a5d397ab-8a56-48fe-962e-786e5a75bbd1','a1000000-0000-0000-0000-000000000001','b1000000-0000-0000-0000-000000000001','CLM-721641','glass','2026-04-18','A stone hit the windshield glass and broke it.','Plano, TX','reported','Sarah Mitchell','+18005551234','sarah.mitchell@crestline-ins.com',null,'8990b38a-661c-4d02-a3d4-f31643d70201','2026-04-19 19:22:24.521338+00','2026-04-19 19:22:24.521338+00'),
  ('e8000000-0000-0000-0000-000000000001','e1000000-0000-0000-0000-000000000001','e2000000-0000-0000-0000-000000000001','CLM-842103','collision','2026-03-15','Rear-ended at stoplight on Lamar Blvd. Minor damage to rear bumper.','Lamar Blvd and 5th St, Austin, TX','under_investigation','Sarah Mitchell','+18005551234','sarah.mitchell@crestline-ins.com',null,'e3000000-0000-0000-0000-000000000001','2026-04-20 15:55:23.720925+00','2026-04-20 15:55:23.720925+00'),
  ('b2ac1245-8bbb-4658-a7f0-36a8e04d39b0','a1000000-0000-0000-0000-000000000001','b1000000-0000-0000-0000-000000000001','CLM-108640','collision','2026-03-01','Someone rear ended my car.','Park & Preston intersection, Plano, TX','reported','Sarah Mitchell','+18005551234','sarah.mitchell@crestline-ins.com',null,'c1000000-0000-0000-0000-000000000001','2026-04-22 19:15:29.01177+00','2026-04-22 19:15:29.01177+00'),
  ('74b41371-1c5f-4000-a945-417dbad91c61','c1000000-0000-0000-0000-000000000001','c2000000-0000-0000-0000-000000000001','CLM-489759','theft','2026-04-15','theft happened','123 main st','reported','Sarah Mitchell','+18005551234','sarah.mitchell@crestline-ins.com',null,'c3000000-0000-0000-0000-000000000001','2026-04-23 13:57:36.662798+00','2026-04-23 13:57:36.662798+00');

-- ==========================================================================
-- 9. quotes
-- (Empty in source dataset — partners will populate via the Quotes wizard.)
-- ==========================================================================

-- ==========================================================================
-- 10. auth_events
-- A representative slice of OTP / step-up activity (mostly auth_success via SMS).
-- Realistic enough to populate the Auth Activity dashboard with movement.
-- ==========================================================================
insert into public.auth_events (id, customer_id, event_type, delivery_method, result, ip_address, created_at) values
  ('e2291a11-0d7a-40fa-a3c1-9ef3db2c121e','a1000000-0000-0000-0000-000000000001','auth_success','sms','success',null,'2026-04-15 04:41:36.423853+00'),
  ('35564244-962f-4130-97e3-cf4d3871afa5','a1000000-0000-0000-0000-000000000001','auth_success','sms','success',null,'2026-04-15 04:50:01.760121+00'),
  ('551130ac-cc19-4d90-83c5-82a3ddbe1f9c','a1000000-0000-0000-0000-000000000001','auth_success','sms','success',null,'2026-04-15 14:21:10.537481+00'),
  ('ccc9e5a2-3184-4e76-b6fa-9fa9eae46b73','a1000000-0000-0000-0000-000000000001','auth_success','sms','success',null,'2026-04-15 14:44:45.16455+00'),
  ('01e99700-754c-444d-bb87-3e81b3d67f26','a1000000-0000-0000-0000-000000000001','auth_success','sms','success',null,'2026-04-15 14:54:37.319137+00'),
  ('9dda0bba-0ebb-45fe-b1dc-71cf776b0419','a1000000-0000-0000-0000-000000000001','auth_success','sms','success',null,'2026-04-15 15:07:24.762005+00'),
  ('b49a8409-a924-4540-a2d1-ea3b5ecb1da2','a1000000-0000-0000-0000-000000000001','auth_success','sms','success',null,'2026-04-15 15:11:22.830488+00'),
  ('2f5c7e0e-7fc3-4099-8942-7a443925cd71','a1000000-0000-0000-0000-000000000001','auth_success','sms','success',null,'2026-04-15 15:15:31.463402+00'),
  ('b3ae186d-f9c9-46ac-a9ef-45e75230d651','a1000000-0000-0000-0000-000000000002','auth_success','sms','success',null,'2026-04-15 15:40:57.539563+00'),
  ('db6760ca-7b82-43bf-8be6-0d0dfc2f0dab','a1000000-0000-0000-0000-000000000001','auth_success','sms','success',null,'2026-04-15 17:03:48.265244+00'),
  ('0b9e8022-01eb-4ac1-aeee-0ba01d4b9f0d','a1000000-0000-0000-0000-000000000001','auth_success','sms','success',null,'2026-04-15 18:58:34.988388+00'),
  ('20df6667-5e14-45ca-b074-5e3006f6df8b','a1000000-0000-0000-0000-000000000001','auth_success','sms','success',null,'2026-04-15 20:34:51.227264+00'),
  ('3611d5e2-2ffe-435e-86ad-228f109635db','a1000000-0000-0000-0000-000000000001','auth_success','sms','success',null,'2026-04-15 20:40:05.981752+00'),
  ('f4ed3260-28e7-403b-9f36-094fb288d7b8','a1000000-0000-0000-0000-000000000001','auth_success','sms','success',null,'2026-04-15 21:38:13.226705+00'),
  ('b8b4ecff-0307-4c6e-a0e4-b1f798e65092','a1000000-0000-0000-0000-000000000001','auth_success','sms','success',null,'2026-04-15 21:51:51.074479+00'),
  ('d14b7c31-91b8-45a7-9c98-049b04830214','a1000000-0000-0000-0000-000000000001','auth_success','sms','success',null,'2026-04-15 22:13:42.329529+00'),
  ('298e4ab8-3745-4df4-94b5-ce9d2db22e2e','a1000000-0000-0000-0000-000000000001','auth_success','sms','success',null,'2026-04-15 22:19:46.81588+00'),
  ('68df47f2-c66a-4f88-b93a-35fbe1931035','a1000000-0000-0000-0000-000000000001','auth_success','sms','success',null,'2026-04-15 22:41:12.708755+00'),
  ('31fb5a68-258d-455d-940f-c05c347ffd6b','a1000000-0000-0000-0000-000000000001','auth_success','sms','success',null,'2026-04-16 00:13:55.832803+00'),
  ('e36081b2-6f60-4951-9d62-176f31519c4f','a1000000-0000-0000-0000-000000000001','auth_success','sms','success',null,'2026-04-16 02:15:39.615945+00'),
  ('e422eadf-8024-48e4-b145-04cebe492745','a1000000-0000-0000-0000-000000000001','auth_success','sms','success',null,'2026-04-16 02:28:54.624022+00'),
  ('cbeed999-b132-4041-8530-082a125f78e3','a1000000-0000-0000-0000-000000000001','auth_success','sms','success',null,'2026-04-16 02:48:09.224945+00'),
  ('6cdc00a8-34d4-40e2-a57d-3b5e6182bacc','a1000000-0000-0000-0000-000000000001','auth_success','sms','success',null,'2026-04-16 02:57:22.544425+00'),
  ('adbcb2ca-4807-4677-9c65-c40b336fcecb','a1000000-0000-0000-0000-000000000001','auth_success','sms','success',null,'2026-04-16 03:04:22.187011+00'),
  ('7436423b-e421-4afe-b57b-9577910fefa5','a1000000-0000-0000-0000-000000000001','auth_success','sms','success',null,'2026-04-16 03:14:34.735368+00'),
  ('5174ff5b-955d-4ec6-a064-90f32c40e36f','a1000000-0000-0000-0000-000000000001','auth_success','sms','success',null,'2026-04-16 03:20:59.595026+00'),
  ('c03b7115-fd63-49ca-8402-a537283e6caf','a1000000-0000-0000-0000-000000000001','auth_success','sms','success',null,'2026-04-16 21:18:11.46328+00'),
  ('90a28114-2b7a-4e8d-a27e-05984e49a85b','a1000000-0000-0000-0000-000000000001','auth_success','sms','success',null,'2026-04-16 21:33:08.986937+00'),
  ('95650848-cdaa-4ad6-afd7-42f387328021','a1000000-0000-0000-0000-000000000001','auth_success','sms','success',null,'2026-04-16 21:41:31.506182+00'),
  ('cc897f2d-669f-4c39-bf46-f067d9d11c53','a1000000-0000-0000-0000-000000000001','auth_success','sms','success',null,'2026-04-16 22:36:26.915531+00'),
  ('5764f15f-7b8e-400a-a19f-862585ef75d2','a1000000-0000-0000-0000-000000000001','auth_success','sms','success',null,'2026-04-16 22:39:17.227349+00'),
  ('6bc8d6ce-eece-4ec6-9299-43aaa1a5823b','a1000000-0000-0000-0000-000000000001','auth_success','sms','success',null,'2026-04-16 22:45:40.477231+00'),
  ('83194310-8d0a-4c88-8d55-80d95d890917','a1000000-0000-0000-0000-000000000001','auth_success','sms','success',null,'2026-04-17 00:38:02.625892+00'),
  ('be89fe68-66bf-4440-a937-3019cb172904','a1000000-0000-0000-0000-000000000001','auth_success','sms','success',null,'2026-04-17 01:41:15.582665+00'),
  ('1c2a73c7-e197-440a-a83c-a505d6167fad','a1000000-0000-0000-0000-000000000001','auth_success','sms','success',null,'2026-04-17 01:45:57.678213+00'),
  ('722a4e8e-63cf-47bb-a0fb-4bba127c4d8d','a1000000-0000-0000-0000-000000000001','auth_success','sms','success',null,'2026-04-17 02:51:09.584625+00'),
  ('09635740-7796-4cb9-aec0-60921fca0d3c','a1000000-0000-0000-0000-000000000001','auth_success','sms','success',null,'2026-04-17 03:01:09.381244+00'),
  ('aafde462-76a0-445b-b3be-713275f2c7a9','a1000000-0000-0000-0000-000000000001','auth_success','sms','success',null,'2026-04-17 03:14:40.050412+00'),
  ('d0f2c0ad-6dc6-4f43-a19e-bd35221304e5','a1000000-0000-0000-0000-000000000001','auth_success','sms','success',null,'2026-04-17 03:19:10.271318+00'),
  ('808c29c6-a47b-4349-a402-79b6e7bda43e','a1000000-0000-0000-0000-000000000001','auth_success','sms','success',null,'2026-04-17 03:25:46.798489+00'),
  ('d03a9423-beb3-45ea-82e4-22efb2ec1c2d','a1000000-0000-0000-0000-000000000001','auth_success','sms','success',null,'2026-04-17 03:35:30.856602+00'),
  ('26f0b1ae-d2cc-42d8-8af7-a690a64c6eeb','a1000000-0000-0000-0000-000000000001','auth_success','sms','success',null,'2026-04-17 03:44:29.305628+00'),
  ('79081cd0-fa4f-4ea7-a756-dc025bd9db7c','a1000000-0000-0000-0000-000000000001','auth_success','sms','success',null,'2026-04-17 03:58:00.695214+00'),
  ('9ce325f1-3fa9-42fa-8b84-1bb7ab3927af','a1000000-0000-0000-0000-000000000001','auth_success','sms','success',null,'2026-04-17 14:14:30.229522+00'),
  ('7ef5daf7-1261-40b5-bd49-751f57d2d87d','a1000000-0000-0000-0000-000000000001','auth_success','sms','success',null,'2026-04-17 15:36:03.613846+00'),
  ('ccc12ac4-97d9-41bc-aa3a-ede665f7ab4a','a1000000-0000-0000-0000-000000000001','auth_success','sms','success',null,'2026-04-18 04:09:55.755152+00'),
  ('024602af-9bd1-47fd-bf12-077ca3546c40','a1000000-0000-0000-0000-000000000001','auth_success','sms','success',null,'2026-04-18 04:12:22.294012+00'),
  ('218bd342-2759-4174-a66d-50f872550338','a1000000-0000-0000-0000-000000000001','auth_success','sms','success',null,'2026-04-18 04:16:48.194874+00'),
  ('dc818f9c-abbd-415b-b411-078d8a1125f8','a1000000-0000-0000-0000-000000000001','auth_success','sms','success',null,'2026-04-18 04:36:57.728544+00'),
  ('664fcb53-82c1-4192-a198-08c2150b530b','a1000000-0000-0000-0000-000000000001','auth_success','sms','success',null,'2026-04-18 04:49:59.635344+00'),
  ('4e35b320-df1d-473d-9bf1-7489fef48047','a1000000-0000-0000-0000-000000000001','auth_success','sms','success',null,'2026-04-18 04:54:27.403991+00'),
  ('5d8374d3-c3f6-49d0-a565-8a28efdb3e24','a1000000-0000-0000-0000-000000000001','auth_success','sms','success',null,'2026-04-18 04:57:19.629451+00'),
  ('fcd6125b-45ed-4c05-88ca-882bda8a8121','a1000000-0000-0000-0000-000000000001','auth_success','sms','success',null,'2026-04-18 16:08:26.449645+00'),
  ('83231185-c1fc-48f3-88cd-f8a35856be34','a1000000-0000-0000-0000-000000000001','auth_success','sms','success',null,'2026-04-18 16:12:15.06201+00'),
  ('fe7c0966-bdad-4b33-a9fa-14e0a716c698','a1000000-0000-0000-0000-000000000001','auth_success','sms','success',null,'2026-04-18 16:14:35.823173+00'),
  ('42b8ca1d-7b86-4902-bf3e-8635fcfdd626','a1000000-0000-0000-0000-000000000001','auth_success','sms','success',null,'2026-04-18 16:17:15.466944+00'),
  ('857a19b2-ffd9-4a49-be84-5c879db1e3eb','a1000000-0000-0000-0000-000000000001','auth_success','sms','success',null,'2026-04-18 17:23:29.802579+00'),
  ('b7e82bd5-759f-4ae5-a1e5-3930d7426960','a1000000-0000-0000-0000-000000000001','auth_success','sms','success',null,'2026-04-18 19:16:35.19543+00'),
  ('38a6ecf2-df76-4679-9724-e08e881d8926','a1000000-0000-0000-0000-000000000001','auth_success','sms','success',null,'2026-04-18 19:21:48.207205+00'),
  ('907180f1-9b55-43ef-b2a9-8b00b987bde0','a1000000-0000-0000-0000-000000000001','auth_success','sms','success',null,'2026-04-18 19:45:23.750366+00'),
  ('10961e8b-4623-4f53-9b61-72e5c3819aed','a1000000-0000-0000-0000-000000000001','auth_success','sms','success',null,'2026-04-18 19:54:15.753017+00'),
  ('86f03bf7-8631-4c00-b6fc-e9cdd6a6ae47','a1000000-0000-0000-0000-000000000001','auth_success','sms','success',null,'2026-04-19 04:08:25.137829+00'),
  ('8f619e47-e733-4f72-8902-b83d5f4bf509','a1000000-0000-0000-0000-000000000001','auth_success','sms','success',null,'2026-04-19 04:12:49.919757+00'),
  ('8df193f8-afcf-4242-af35-fcef7366b4ee','a1000000-0000-0000-0000-000000000001','auth_success','sms','success',null,'2026-04-19 04:15:47.916508+00'),
  ('5e2dd3ba-e19c-4eb4-8c67-aef8c1d4400c','a1000000-0000-0000-0000-000000000001','auth_success','sms','success',null,'2026-04-19 04:17:52.613223+00'),
  ('e3877d59-8a89-4056-b084-73288fa8e3df','a1000000-0000-0000-0000-000000000001','auth_success','sms','success',null,'2026-04-19 13:37:09.394444+00'),
  ('fa2a39cd-f9c1-43c3-89b2-e53c06aef1a5','a1000000-0000-0000-0000-000000000001','auth_success','sms','success',null,'2026-04-19 14:35:58.966592+00'),
  ('5363e0e6-9e8e-4c94-9c51-d6e23cfe0f75','a1000000-0000-0000-0000-000000000001','auth_success','sms','success',null,'2026-04-19 14:47:43.861109+00'),
  ('245a7ef4-f4a0-4df6-b68a-95bf085e75c7','a1000000-0000-0000-0000-000000000001','auth_success','sms','success',null,'2026-04-19 15:26:05.685215+00'),
  ('eff3216d-abc6-4071-8256-e35405d24063','a1000000-0000-0000-0000-000000000001','auth_success','sms','success',null,'2026-04-19 15:42:20.80271+00'),
  ('adcc25ce-d3c2-4cf5-af78-738e5cdf0844','a1000000-0000-0000-0000-000000000001','auth_success','sms','success',null,'2026-04-19 15:50:34.233441+00'),
  ('07f4236a-b835-4827-a389-2b59cdc2d39e','a1000000-0000-0000-0000-000000000001','auth_success','sms','success',null,'2026-04-19 15:53:23.93833+00'),
  ('237fbb0a-0055-4097-82b3-c588a47b521f','a1000000-0000-0000-0000-000000000001','auth_success','sms','success',null,'2026-04-19 16:03:31.511473+00'),
  ('7b477728-fbdd-40ef-a278-9352e442d6c2','a1000000-0000-0000-0000-000000000001','auth_success','sms','success',null,'2026-04-19 16:08:08.738516+00'),
  ('a2ce9087-940f-4312-a90d-42a8cfb8e552','a1000000-0000-0000-0000-000000000001','auth_success','sms','success',null,'2026-04-19 16:14:44.065532+00'),
  ('40c52a92-1b20-4d7b-8d3c-e2c40afd1942','a1000000-0000-0000-0000-000000000001','auth_success','sms','success',null,'2026-04-19 17:17:54.090844+00'),
  ('199163dc-bca0-4308-bf5e-fe7da0478f1d','a1000000-0000-0000-0000-000000000001','auth_success','sms','success',null,'2026-04-19 17:29:24.078248+00'),
  ('bb2af6d1-8e8b-4610-991a-fabdf0b5cb73','a1000000-0000-0000-0000-000000000001','auth_success','sms','success',null,'2026-04-19 17:46:22.343477+00'),
  ('529ef02a-06ae-4bd5-9ec6-a0d3d13cb32d','a1000000-0000-0000-0000-000000000001','auth_success','sms','success',null,'2026-04-19 19:03:16.162885+00'),
  ('59409a14-b29f-4e95-af3b-3d8cd7bb9813','a1000000-0000-0000-0000-000000000001','auth_success','sms','success',null,'2026-04-19 19:18:01.009067+00'),
  ('44c126db-be1d-4438-84d0-c8909e449e43','a1000000-0000-0000-0000-000000000001','auth_success','sms','success',null,'2026-04-19 19:28:25.160987+00'),
  ('c3ef8d49-ade0-4f67-9d68-1a6559961fdd','a1000000-0000-0000-0000-000000000001','auth_success','sms','success',null,'2026-04-19 21:07:18.59645+00'),
  ('df998989-5865-49d4-8ed6-ba0e25a6ade8','a1000000-0000-0000-0000-000000000001','auth_success','sms','success',null,'2026-04-19 21:31:59.983227+00'),
  ('e3d2d249-da80-4811-8218-5a35a8051c0b','a1000000-0000-0000-0000-000000000001','auth_success','sms','success',null,'2026-04-19 21:40:16.845248+00'),
  ('7dd493df-e1b1-4268-b4aa-607f7680f2c3','a1000000-0000-0000-0000-000000000001','auth_success','sms','success',null,'2026-04-19 21:47:26.153249+00'),
  ('6c441fb6-b1f0-4e1a-bc5e-006ae8c138e9','a1000000-0000-0000-0000-000000000001','auth_success','sms','success',null,'2026-04-19 21:54:40.933146+00'),
  ('7c2128f4-f439-410d-bcd6-07a3502a3d26','a1000000-0000-0000-0000-000000000001','auth_success','sms','success',null,'2026-04-20 01:54:20.405905+00'),
  ('2837674d-4e45-463d-a9e7-71e36085df78','c1000000-0000-0000-0000-000000000001','auth_success','sms','success',null,'2026-04-20 12:02:55.434701+00'),
  ('362fe3d8-0bce-4a3e-a997-49e2e0ed4420','c1000000-0000-0000-0000-000000000001','auth_success','sms','success',null,'2026-04-20 23:51:07.178155+00'),
  ('3cb24621-3601-4f8c-b626-fa7fa42feec9','c1000000-0000-0000-0000-000000000001','auth_success','sms','success',null,'2026-04-20 23:55:46.742587+00'),
  ('eca9e591-b370-49e2-9e2d-79f42abb1c28','c1000000-0000-0000-0000-000000000001','auth_success','sms','success',null,'2026-04-20 23:56:37.571764+00'),
  ('1b76eef2-a83d-44bc-8e9d-3a9fd840632c','c1000000-0000-0000-0000-000000000001','auth_success','sms','success',null,'2026-04-20 23:58:17.439449+00'),
  ('fc3d9bc5-3d7c-4453-b8d0-47ad22119a67','a1000000-0000-0000-0000-000000000001','auth_success','sms','success',null,'2026-04-21 12:57:03.111963+00'),
  ('4082d1f8-5072-4202-8351-921b4c88bf6f','a1000000-0000-0000-0000-000000000001','auth_success','sms','success',null,'2026-04-21 14:03:25.287557+00'),
  ('e3bb20e2-c80c-4276-8875-a3cf67a3c6e6','a1000000-0000-0000-0000-000000000001','auth_success','sms','success',null,'2026-04-21 14:19:25.270087+00'),
  ('034c966b-41f9-4ed4-8b8b-db8a2140fb4d','c1000000-0000-0000-0000-000000000001','auth_success','sms','success',null,'2026-04-21 15:11:00.927182+00'),
  ('3d9fba1d-105e-4309-8d43-9e5aaaf86f7c','e1000000-0000-0000-0000-000000000001','auth_success','sms','success',null,'2026-04-21 15:35:45.530372+00'),
  ('5f7c461b-7592-4c7d-8a2b-8dc93e05c653','e1000000-0000-0000-0000-000000000001','auth_success','sms','success',null,'2026-04-21 15:40:46.203851+00'),
  ('8f835090-478a-4116-b921-13b8e7d706bf','e1000000-0000-0000-0000-000000000001','auth_success','sms','success',null,'2026-04-21 15:46:05.863657+00'),
  ('6708ccc5-d739-4a0b-8472-e6c7d4d2ac24','e1000000-0000-0000-0000-000000000001','auth_success','sms','success',null,'2026-04-21 15:56:05.81253+00'),
  ('8e7fbacf-2d84-4fb6-9841-794930533e7d','e1000000-0000-0000-0000-000000000001','auth_success','sms','success',null,'2026-04-21 15:58:31.133168+00'),
  ('c2a95b9c-6bb7-43bc-8940-4bf20546ff0e','a1000000-0000-0000-0000-000000000001','auth_success','sms','success',null,'2026-04-21 16:07:05.63573+00'),
  ('ffdf24ea-7ff0-498a-9656-39a67b4fc4c9','a1000000-0000-0000-0000-000000000001','auth_success','sms','success',null,'2026-04-21 16:09:21.384321+00'),
  ('fbe6d3c5-49a6-40d1-852e-397640352eb8','a1000000-0000-0000-0000-000000000001','auth_success','sms','success',null,'2026-04-21 16:20:30.561572+00'),
  ('a8736c13-d1fb-4b20-930e-fc7052b4fe76','a1000000-0000-0000-0000-000000000001','auth_success','sms','success',null,'2026-04-21 16:32:05.647241+00'),
  ('de9cd784-e3f6-4495-8238-8ff7212521da','a1000000-0000-0000-0000-000000000001','auth_success','sms','success',null,'2026-04-21 16:38:20.343727+00'),
  ('ba983f45-ef63-420f-b94d-2524ca3d0f59','a1000000-0000-0000-0000-000000000001','auth_success','sms','success',null,'2026-04-21 17:03:30.227597+00'),
  ('c36b697d-a58b-4cd2-a1fa-c81bd9307e7d','a1000000-0000-0000-0000-000000000001','auth_success','sms','success',null,'2026-04-21 17:23:21.196241+00'),
  ('8868b4dd-426c-443b-b6fd-7a1d17bb5bd1','a1000000-0000-0000-0000-000000000001','auth_success','sms','success',null,'2026-04-21 17:47:14.824967+00'),
  ('f12f2b3d-ad67-4c90-9b6f-6ce14df23f54','c1000000-0000-0000-0000-000000000001','auth_success','sms','success',null,'2026-04-21 17:54:01.466562+00'),
  ('0a0f9be5-4a24-4638-8df9-f323a04bf149','a1000000-0000-0000-0000-000000000001','auth_success','sms','success',null,'2026-04-21 17:55:14.988618+00'),
  ('44fc13ec-8214-4d14-a3aa-86723400bb57',null,'auth_failed',null,'failure',null,'2026-04-21 18:02:38.878058+00'),
  ('2e986ebe-5a21-4bb3-a0da-b6162523b9a9','a1000000-0000-0000-0000-000000000001','auth_success','sms','success',null,'2026-04-21 18:59:47.039326+00'),
  ('1995e08a-694e-449c-967c-ebd398861922','a1000000-0000-0000-0000-000000000001','auth_success','sms','success',null,'2026-04-21 19:26:00.314038+00'),
  ('8f9144b0-3b23-4f98-9b58-39f99e66494a','a1000000-0000-0000-0000-000000000001','auth_success','sms','success',null,'2026-04-21 19:31:49.013088+00'),
  ('41846ad7-5754-473d-b4b0-fe54f80f5bc6','a1000000-0000-0000-0000-000000000001','auth_success','sms','success',null,'2026-04-21 19:40:24.566006+00'),
  ('39dd4e27-f82e-48ef-be2a-fd7e499ecdf6','a1000000-0000-0000-0000-000000000001','auth_success','sms','success',null,'2026-04-21 20:02:49.631155+00'),
  ('22cef567-db60-433b-a6e8-3f12f1953fb2','c1000000-0000-0000-0000-000000000001','auth_success','sms','success',null,'2026-04-21 20:26:24.119125+00'),
  ('0a51c4e4-93be-4ff3-be6d-d44c07e1bc39','a1000000-0000-0000-0000-000000000001','auth_success','sms','success',null,'2026-04-21 22:43:23.77838+00'),
  ('5d54f561-b93b-467f-9dff-53491ffbedef','a1000000-0000-0000-0000-000000000001','auth_success','sms','success',null,'2026-04-22 02:25:11.118485+00'),
  ('b54af388-1a90-4c3b-99d3-619e56227042','a1000000-0000-0000-0000-000000000001','auth_success','sms','success',null,'2026-04-22 02:38:36.056902+00'),
  ('a27de889-2729-4eda-8ab0-74e645716550','c1000000-0000-0000-0000-000000000001','auth_success','sms','success',null,'2026-04-22 12:10:17.230552+00'),
  ('b5d349c3-7df0-4ca2-aabc-9d7878d9b6ec','c1000000-0000-0000-0000-000000000001','auth_success','sms','success',null,'2026-04-22 12:11:51.966949+00'),
  ('a0fbc997-0a73-4ed8-a9ed-8793e1b75585','a1000000-0000-0000-0000-000000000001','auth_success','sms','success',null,'2026-04-22 13:41:51.549676+00'),
  ('b7bb4d4b-776f-4b7b-acf9-dfffa62f7c16','a1000000-0000-0000-0000-000000000001','auth_success','sms','success',null,'2026-04-22 13:46:41.304698+00'),
  ('eddf5ee0-5e9b-48c6-b6ca-daf3749406fe','a1000000-0000-0000-0000-000000000001','auth_success','sms','success',null,'2026-04-22 13:59:36.298354+00'),
  ('7ae32d01-c76d-4ff0-b9d4-c6a94684dded','d1000000-0000-0000-0000-000000000001','auth_success','sms','success',null,'2026-04-22 14:05:18.854175+00'),
  ('d00912cb-2bc0-4abe-94d2-4423b8055bd4','a1000000-0000-0000-0000-000000000001','auth_success','sms','success',null,'2026-04-22 14:31:46.567786+00'),
  ('7b17435e-9e26-437b-b536-f8fc58ca8db6','a1000000-0000-0000-0000-000000000001','auth_success','sms','success',null,'2026-04-22 14:53:56.118814+00'),
  ('e62b286a-e933-4cc5-bad2-783af15601af','a1000000-0000-0000-0000-000000000001','auth_success','sms','success',null,'2026-04-22 16:41:33.910414+00'),
  ('230ef316-928c-4aec-9b68-f3a5b84f7e38','a1000000-0000-0000-0000-000000000001','auth_success','sms','success',null,'2026-04-22 16:47:28.203299+00'),
  ('bc452c80-5f4d-4e87-9e47-d19718a1bc11','a1000000-0000-0000-0000-000000000001','auth_success','sms','success',null,'2026-04-22 17:10:55.294517+00'),
  ('e2511689-9532-42f3-a2e0-65fbd07df4dc','a1000000-0000-0000-0000-000000000001','auth_success','sms','success',null,'2026-04-22 17:46:55.711079+00'),
  ('b5a1ae76-faba-4d5b-8384-88519e284ac9','a1000000-0000-0000-0000-000000000001','auth_success','sms','success',null,'2026-04-22 18:18:36.993733+00'),
  ('2626649e-72df-4cba-9f3f-cfe2df9a5634','a1000000-0000-0000-0000-000000000001','auth_success','sms','success',null,'2026-04-22 18:23:16.201945+00'),
  ('0c7ee974-29b5-4bd0-ac84-1fad503906d2','a1000000-0000-0000-0000-000000000001','auth_success','sms','success',null,'2026-04-22 18:31:30.12433+00'),
  ('50ba2579-6f90-4566-ba31-55fe274f82b7','a1000000-0000-0000-0000-000000000001','auth_success','sms','success',null,'2026-04-22 18:47:52.92626+00'),
  ('0e2158d8-39c5-4226-8dc8-38cef3619c30','a1000000-0000-0000-0000-000000000001','auth_success','sms','success',null,'2026-04-22 18:57:35.232081+00'),
  ('52daaf3b-b07c-4a31-b02f-c145f9de86f1','a1000000-0000-0000-0000-000000000001','auth_success','sms','success',null,'2026-04-22 19:12:12.31038+00'),
  ('b42cf6fd-c4c6-433e-905e-6b232a141425','a1000000-0000-0000-0000-000000000001','auth_success','sms','success',null,'2026-04-22 19:36:49.736268+00'),
  ('566ff682-0b8e-475c-bedb-09730f27b446','c1000000-0000-0000-0000-000000000001','auth_success','sms','success',null,'2026-04-22 19:57:31.365803+00'),
  ('063148d0-7162-4e41-8140-7eeab47bc75b','a1000000-0000-0000-0000-000000000001','auth_success','sms','success',null,'2026-04-22 20:08:10.958121+00'),
  ('7dd3a322-1681-4c84-b2b9-9393a027437c','a1000000-0000-0000-0000-000000000001','auth_success','sms','success',null,'2026-04-22 20:19:07.320921+00'),
  ('fa794c3e-e466-499b-898c-5f8c830313b8','c1000000-0000-0000-0000-000000000001','auth_success','sms','success',null,'2026-04-22 20:24:07.733227+00'),
  ('65b028fb-2ff9-4d5e-9ec8-4b7d8d798580','c1000000-0000-0000-0000-000000000001','auth_success','sms','success',null,'2026-04-22 20:25:05.742603+00'),
  ('bf22eead-2b7f-474d-b5bf-46a6d62ce59c','c1000000-0000-0000-0000-000000000001','auth_success','sms','success',null,'2026-04-22 20:30:54.753591+00'),
  ('6a02cb89-9f59-4b55-b8cf-97c05231d97e','a1000000-0000-0000-0000-000000000001','auth_success','sms','success',null,'2026-04-22 20:34:15.231429+00'),
  ('5eeeac00-e39c-4ff5-a48f-797c789b8009','c1000000-0000-0000-0000-000000000001','auth_success','sms','success',null,'2026-04-22 20:38:21.749267+00'),
  ('4d3cf98c-ff39-4b9d-8fab-2fb83960679e','c1000000-0000-0000-0000-000000000001','auth_success','sms','success',null,'2026-04-22 20:41:38.974336+00'),
  ('bbf7f6ec-db7a-45ca-9643-928fb785657c','c1000000-0000-0000-0000-000000000001','auth_success','sms','success',null,'2026-04-22 20:45:38.401513+00'),
  ('4ae7b4ce-b185-4905-b51e-eaddadea0815','c1000000-0000-0000-0000-000000000001','auth_success','sms','success',null,'2026-04-22 22:46:05.099265+00'),
  ('3c19230b-cb08-49b4-98f3-e530baa3ad28','c1000000-0000-0000-0000-000000000001','auth_success','sms','success',null,'2026-04-23 13:15:15.479614+00'),
  ('21312ee9-161f-452e-885f-947e5e932808','c1000000-0000-0000-0000-000000000001','auth_success','sms','success',null,'2026-04-23 13:46:46.65698+00'),
  ('05906333-ff43-4359-9d48-fa1cd80c6d41','c1000000-0000-0000-0000-000000000001','auth_success','sms','success',null,'2026-04-23 13:55:04.062758+00'),
  ('ae3fd68c-e0ec-46e0-b838-cb69d45a0f42','c1000000-0000-0000-0000-000000000001','auth_success','sms','success',null,'2026-04-23 13:58:58.181541+00'),
  ('2ace3b4b-e841-4482-ab65-bf6956ddb16a','c1000000-0000-0000-0000-000000000001','auth_success','sms','success',null,'2026-04-23 15:56:56.034255+00'),
  ('93459594-b33c-4038-9c4d-61b1bef910e4','c1000000-0000-0000-0000-000000000001','auth_success','sms','success',null,'2026-04-23 16:06:51.397076+00'),
  ('b4cb7be0-4b84-432f-a073-7c3b56eda94a','a1000000-0000-0000-0000-000000000001','auth_success','sms','success',null,'2026-04-24 13:20:46.446528+00'),
  ('066ae8ab-59bc-49a3-b41c-ba06f3683975','a1000000-0000-0000-0000-000000000001','auth_success','sms','success',null,'2026-04-27 01:42:27.286224+00');
